id,ods_2_day__c,ods_2_day_max_quantity__c,ods_3_day__c,ods_3_day_max_quantity__c,ods_5_day__c,ods_5_day_max_quantity__c,ods_account__c,ods_accounting__c,ods_additional_attributes_notes__c,ods_buyout__c,ods_consider_for_revenue_generation__c,ods_certified_mail__c,ods_commission_percent__c,ods_complex_quote__c,ods_expected_end_date__c,ods_expected_start_date__c,ods_csm__c,ods_customer_requirements__c,ods_data_composition__c,ods_data_composition_other__c,ods_delivery_to_post_office__c,ods_description__c,ods_distribution__c,ods_distribution_other__c,ods_due_date__c,ods_estimated_quote_value__c,ods_estimation_leader__c,ods_estimation_checklist__c,ods_estimating_team_user__c,ods_file_available_for_asset_creation__c,ods_first_class_mail__c,ods_fulfillment__c,ods_is_duplicate_proposal__c,ods_is_enddate_blank__c,cpq_it_required__c,ods_jira_number__c,ods_jira_number_formula__c,ods_legacy_proposal_id__c,ods_maximum_qty__c,ods_next_day__c,ods_next_day_max_quantity__c,ods_opportunity__c,ods_packaging__c,ods_packaging_other__c,ods_pending_activation__c,ods_plant__c,ods_po_box_collection__c,ods_presented_date__c,ods_previous_legacy_proposal_id__c,ods_previous_proposal_id__c,ods_pricing_notes__c,ods_primary_contact__c,ods_project_owner_project_contact__c,ods_proposal_generated_date__c,ods_proposal_id__c,ods_proposal_name__c,ods_proposal_primary__c,ods_quote_stage__c,ods_ready_for_estimation_date__c,ods_ready_for_sales_date__c,ods_sales_rep__c,ods_same_day__c,ods_same_day_max_quantity__c,ods_schedule__c,ods_scope_of_work__c,ods_secure_destruction__c,ods_standard_mail__c,ods_submitted_by__c,ods_t_c__c,ods_total_net_price__c,ods_valid_until_date__c,proposalid
a0C8Z00000bcx4iUAA,true,300,true,400,true,500,0018Z000035w0OAQAY,0058Z000009RxOfQAK,test notes,true,false,true,3.00000,false,2025-07-18,2023-07-01,0058Z000009RxOfQAK,requirements,Print ready PDF file supplied,data,true,description,"Bulk Box, FOB O'Neil Plant",distribution,2024-08-30,562.00000,0058Z000009id0oQAA,a098Z00000u7m3nQAA,0058Z000009RxOfQAK,false,true,fulfillment,false,false,true,,"<a href="" "" target=""_blank""> </a>",615261,388.00000,true,200,0068Z00001eTonyQAC,Bulk Box,packaging,false,TX;NC,true,2023-08-18,,,test notes,,,2023-10-27,"<a href=""/a0C8Z00000bcx4i"" target=""_self"">615261</a>",Test proposal ignore found Neww 8,false,Active Proposal,2023-09-21,2023-08-25,0058Z000009iakoQAA,true,100,schedule,scope of work,true,true,0058Z000009iakoQAA,TC,987.00000,2023-09-14,Q-00018891
a0C8Z00000bcx4nUAA,true,300,true,400,true,500,0018Z000035w0OAQAY,0058Z000009RxOfQAK,test notes,true,false,true,3.00000,false,2025-07-18,2023-07-13,0058Z000009RxOfQAK,requirements,Print ready PDF file supplied,data,true,description,"Bulk Box, FOB O'Neil Plant",other,2023-08-17,562.00000,0058Z000009id0oQAA,a098Z00000u7m3nQAA,0058Z000009RxOfQAK,false,true,fulfillment,false,false,true,,"<a href="" "" target=""_blank""> </a>",726271,388.00000,true,200,0068Z00001eTonyQAC,Bulk Box,packaging,false,TX;NC,true,2023-08-18,615261,Q-00018891,test notes,,,2023-10-27,"<a href=""/a0C8Z00000bcx4n"" target=""_self"">726271</a>",Test proposal ignore found Neww 8,false,Cancelled,2023-09-21,2023-08-25,0058Z000009iakoQAA,true,100,schedule,scope of work,true,true,0058Z000009iakoQAA,TC,987.00000,2023-09-14,Q-00018892
a0C8Z00000bcx4sUAA,true,300,true,400,true,500,0018Z000035w0OAQAY,,test notes,true,false,true,3.00000,false,2025-07-18,2023-07-13,,requirements,,,true,description,,,2023-08-17,562.00000,0058Z000009id0oQAA,a098Z00000u7m3nQAA,0058Z000009RxOfQAK,false,true,,false,false,false,,"<a href="" "" target=""_blank""> </a>",81833123,388.00000,true,200,0068Z00001eTonyQAC,,,false,,true,2023-08-18,726271,Q-00018892,,,,2023-10-27,"<a href=""/a0C8Z00000bcx4s"" target=""_self"">81833123</a>",Test proposal ignore neew 1,false,Generated,2023-09-21,2023-08-25,0058Z000009iakoQAA,true,100,,,true,true,0058Z000009iakoQAA,TC,987.00000,2023-09-14,Q-00018893
a0C8Z00000bcx8iUAA,false,0,false,0,false,0,0018Z00002xtzoPQAQ,,,false,false,false,0.00000,false,2023-09-01,2023-07-13,,,,,false,,,,2023-07-14,0.00000,0058Z000009id0oQAA,a098Z00000vscPeQAI,0058Z000009id1IQAQ,false,false,,false,false,false,,"<a href="" "" target=""_blank""> </a>",25286-004,NaN,false,0,0068Z00001dWpTOQA0,,,false,,false,,25286-003,Q-00018752,,,,2023-07-13,"<a href=""/a0C8Z00000bcx8i"" target=""_self"">25286-004</a>",TAX FORM,false,Active Proposal,2023-07-13,,0058Z000009icw3QAA,false,0,,,false,false,0058Z000009id1IQAQ,"Upon approval, O’Neil will issue a formal Master Services Agreement, Statement of Work, and Service Level Agreement.",NaN,2023-08-14,Q-00018894
a0C8Z00000bcxAFUAY,false,0,false,0,false,0,0018Z00002xtznGQAQ,,,false,false,false,0.00000,false,,2023-07-13,0058Z000009iczRQAQ,,,,false,,,,,0.00000,0058Z000009id0oQAA,a098Z00000vop5iQAA,0058Z000009id0tQAA,false,false,,false,false,false,,"<a href="" "" target=""_blank""> </a>",Change Order #6572,NaN,false,0,0068Z00001eRBndQAG,,,false,,false,,Change Order #6549,Q-00018738,,,,2023-07-13,"<a href=""/a0C8Z00000bcxAF"" target=""_self"">Change Order #6572</a>",TD Ameritrade Negative Consent Mailing 67 production pulls,false,Complete,,,0058Z000009id3EQAQ,false,0,,Job #1082280,false,false,0058Z000009id0tQAA,,NaN,,Q-00018895
a0C8Z00000bcxC6UAI,false,0,false,0,false,0,0018Z00002xu02EQAQ,,,false,false,false,3.00000,false,2023-08-01,2023-06-28,0058Z000009iczlQAA,,,,false,,,,2023-07-03,460358.41000,0058Z000009id0oQAA,a098Z00000vscJHQAY,0058Z000009id18QAA,false,false,,false,false,false,,"<a href="" "" target=""_blank""> </a>",24883-007,NaN,false,0,0068Z00001dWpUHQA0,,,false,,false,,24883-006,Q-00018762,,,,2023-07-13,"<a href=""/a0C8Z00000bcxC6"" target=""_self"">24883-007</a>",PEK P1a Plan Guides,false,Denied,2023-04-10,2023-04-10,0058Z000009icugQAA,false,0,,,false,false,0058Z000009id18QAA,"Upon approval, O’Neil will issue a formal Master Services Agreement, Statement of Work, and Service Level Agreement.",NaN,2023-05-10,Q-00018896
a0C8Z00000bcxElUAI,false,0,false,0,false,0,0018Z00002xtzlRQAQ,,,false,false,false,0.00000,false,2023-09-01,2023-07-13,,,,,false,,,,2023-07-05,0.00000,0058Z000009id0oQAA,a098Z00000vnwbVQAQ,0058Z000009id0tQAA,false,false,,false,false,false,,"<a href="" "" target=""_blank""> </a>",25440-002,NaN,false,0,0068Z00001eQc52QAC,,,false,,false,,25440-001,Q-00018797,,,,2023-07-13,"<a href=""/a0C8Z00000bcxEl"" target=""_self"">25440-002</a>",Elevance Health ID Cards,true,Denied,2023-05-09,,0058Z000009icwhQAA,false,0,,,false,false,0058Z000009id0tQAA,"Upon approval, O’Neil will issue a formal Master Services Agreement, Statement of Work, and Service Level Agreement.",NaN,2023-06-15,Q-00018897
a0C8Z00000bcxFoUAI,false,0,false,0,false,0,0018Z00002xu02cQAA,,,false,false,false,0.00000,false,2023-09-01,2023-07-13,0058Z000009id00QAA,,,,false,,,,2023-07-14,0.00000,0058Z000009id0oQAA,a098Z00000vscNmQAI,0058Z000009id1IQAQ,false,false,,false,false,false,,"<a href="" "" target=""_blank""> </a>",25539-001,NaN,false,0,0068Z00001dWpUQQA0,,,false,,false,,25539-000,Q-00018838,,,a0B8Z00000RnZa9UAF,2023-07-13,"<a href=""/a0C8Z00000bcxFo"" target=""_self"">25539-001</a>",2024 BCBSAZ Renewals,false,Denied,2023-07-13,,0058Z000009icugQAA,false,0,,,false,false,0058Z000009id1IQAQ,,NaN,2023-08-14,Q-00018898
a0C8Z00000bcxITUAY,false,0,false,0,false,0,0018Z00002xtzuFQAQ,,,false,false,false,0.00000,false,2023-09-01,2023-07-13,,,,,false,,,,2023-07-17,0.00000,0058Z000009id0oQAA,a098Z00000vscJoQAI,,false,false,,false,false,false,,"<a href="" "" target=""_blank""> </a>",25550-000,NaN,false,0,0068Z00001dWpUCQA0,,,false,,false,,25384-000,Q-00018003,,,,2023-07-20,"<a href=""/a0C8Z00000bcxIT"" target=""_self"">25550-000</a>",MediCal EOCs,true,Denied,2023-07-13,,0058Z000009id39QAA,false,0,,,false,false,0058Z000009id39QAA,"Upon approval, O’Neil will issue a formal Master Services Agreement, Statement of Work, and Service Level Agreement.",NaN,2023-08-16,Q-00018899
a0C8Z00000bcxJCUAY,false,0,false,0,false,0,0018Z00002xu02EQAQ,,,true,false,false,1.00000,false,2023-09-01,2023-07-13,0058Z000009iczlQAA,,,,false,,,,2023-07-17,183540.00000,0058Z000009id0oQAA,a098Z00000vscOKQAY,0058Z000009id13QAA,false,false,,false,false,false,,"<a href="" "" target=""_blank""> </a>",25549-000,NaN,false,0,0068Z00001dWpUxQAK,,,false,,false,,24782-005,Q-00017502,,0038Z00003DGtBTQA1,,2023-07-14,"<a href=""/a0C8Z00000bcxJC"" target=""_self"">25549-000</a>",OPEN and EGWP 6x9.5 Envelope,false,Denied,2023-03-13,2023-03-13,0058Z000009icugQAA,false,0,,"Revision #1																			
Add Pricing for an additional 300,000 																			
Either add to Plano Drop 1 - 8/1/23 Delivery or Deliver by 9/20/23																			
Provide recommendations on what is feasible or provides the better rate with Buyout vendor																			

QUANTITY:	300,000 @ 1 version				
								
VERSIONS:	1								
SIZE / STYLE:	6"" x 9-1/2"" open side, side seam, straight flap									
PAPER:	24# white wove									
INK:	Black + Security Tint, 1/1, no bleeds									
WINDOW:	2-7/8""h x 4-1/2""w (2-1/8"" from bottom and 1/2"" from left)									
PACKAGING:	Carton pack, bulk box									
DISTRIBUTION:	FOB O'Neil plant, Plano TX, Monroe NC, Los Angeles CA",false,false,0058Z000009icugQAA,"Upon approval, O’Neil will issue a formal Master Services Agreement, Statement of Work, and Service Level Agreement.",NaN,2023-04-12,Q-00018900
a0C8Z00000bcxNEUAY,false,0,false,0,false,0,0018Z00002xtzneQAA,,,false,false,false,0.00000,false,,2023-06-14,0058Z000009id00QAA,,,,false,,,,,0.00000,0058Z000009id0oQAA,a098Z00000voTfHQAU,0058Z000009id0tQAA,false,false,,false,false,false,,"<a href="" "" target=""_blank""> </a>",Change Order #6522-003,NaN,false,0,0068Z00001eQfQRQA0,,,false,,false,,Change Order #6522-002,Q-00018776,,,,2023-07-13,"<a href=""/a0C8Z00000bcxNE"" target=""_self"">Change Order #6522-003</a>",GuideWell 2024 Renewals Segment Requirements,false,Complete,,,0058Z000009icugQAA,false,0,,Job #1082417,false,false,0058Z000009id0tQAA,,NaN,,Q-00018901
a0C8Z00000bcxONUAY,false,0,false,0,false,0,0018Z00002xtzurQAA,,,false,false,false,0.00000,false,2023-09-01,2023-07-13,0058Z000009icxVQAQ,,,,false,,,,2023-07-17,0.00000,0058Z000009id0oQAA,a098Z00000vscP6QAI,0058Z000009id1IQAQ,false,false,,false,false,false,,"<a href="" "" target=""_blank""> </a>",25337-011,NaN,false,0,0068Z00001dWpV0QAK,,,false,,false,,25337-010,Q-00018733,,,,2023-07-14,"<a href=""/a0C8Z00000bcxON"" target=""_self"">25337-011</a>",SHP Medical Errata (B) Mass Mailing GAP mailing,false,Complete,2023-07-13,,0058Z000009icugQAA,false,0,,"Need a revision for the total count of gap mailing final total- 32,732",false,false,0058Z000009id1IQAQ,"Upon approval, O’Neil will issue a formal Master Services Agreement, Statement of Work, and Service Level Agreement.",NaN,2023-08-17,Q-00018902
a0C8Z00000bcxQiUAI,false,0,false,0,false,0,0018Z00002xtzurQAA,,,false,false,false,0.00000,false,,2023-07-13,0058Z000009icxVQAQ,,,,false,,,,,0.00000,0058Z000009id0oQAA,a098Z00000vp04OQAQ,0058Z000009id0tQAA,false,false,,false,false,false,,"<a href="" "" target=""_blank""> </a>",Change Order #6573,NaN,false,0,0068Z00001eRBo3QAG,,,false,,false,,,,,,,2023-07-13,"<a href=""/a0C8Z00000bcxQi"" target=""_self"">Change Order #6573</a>",WellCare IFP Renewal Mailing Mapping logic,false,Complete,,,0058Z000009icugQAA,false,0,,Job #1082483,false,false,0058Z000009id0tQAA,,NaN,,Q-00018903
a0C8Z00000bcxU1UAI,false,0,false,0,false,0,0018Z00002xtzuDQAQ,,,false,false,false,0.00000,false,2026-09-01,2023-07-14,0058Z000009icxVQAQ,,,,false,,,,2023-07-18,40000.00000,0058Z000009id0oQAA,a098Z00000vnwbfQAA,0058Z000009id0tQAA,true,false,,false,false,false,,"<a href="" "" target=""_blank""> </a>",25447-002,NaN,false,0,0068Z00001dWpV0QAK,,,false,LA,false,,25447-001,Q-00018843,,,a0B8Z00000RnZaTUAV,2023-07-20,"<a href=""/a0C8Z00000bcxU1"" target=""_self"">25447-002</a>",CA Medi-Cal Regulatory Mailing APL mailing,true,Complete,2023-07-14,,0058Z000009icugQAA,false,0,,"Need to increase the qty to be printed for Brochures: 701,520																		
 																	
Revision #2																		
Need to add a ride along NDN- 2 pages and NOLA- 2 pages																		
															
Revision #3																		
Add a couple more weekends for OT: 08/05-08/06

See version breakdown for reference",false,false,0058Z000009icugQAA,"Upon approval, O’Neil will issue a formal Master Services Agreement, Statement of Work, and Service Level Agreement.",NaN,2023-08-18,Q-00018904
a0C8Z00000bcxXRUAY,false,0,false,0,false,0,0018Z00002xtzjbQAA,,,false,false,false,0.00000,false,2023-08-02,2023-07-14,0058Z000009idJ7QAI,,,,false,,,,2023-07-18,0.00000,0058Z000009id0oQAA,a098Z00000vscJ1QAI,,false,false,,false,false,false,,"<a href="" "" target=""_blank""> </a>",24525-002,NaN,false,0,0068Z00001dWpUOQA0,,,false,LA,false,,,24525-001,,,,2023-07-17,"<a href=""/a0C8Z00000bcxXR"" target=""_self"">24525-002</a>",HI Group Postcard Masters,false,Complete,2023-07-14,,0058Z000009icwSQAQ,false,0,,"Quantity:			5,000						
Versions:			1						
Size:			8.5 x 11						
Pages:			2						
Cover									
Paper:		9pt Matte Cover						
Ink:		4/4 process - image bleeds three sides	
Bindery/Finish:			8.5 x 11 (2up on 11 x 17 sheets)																
			1 horizontal perforation @ 5-1/5"" across the 8-1/2"" dimension																
Notes:			New artwork																
			Place masters in ODS inventory for future use - SKU#:  KPHI_1217_GROUP",false,false,0058Z000009icwSQAQ,,NaN,2023-08-21,Q-00018905
a0C8Z00000bcxXWUAY,false,0,false,0,false,0,0018Z00002xtzizQAA,,,false,false,false,0.00000,false,2023-08-02,2023-07-14,0058Z000009idJ7QAI,,,,false,,,,2023-07-18,0.00000,0058Z000009id0oQAA,a098Z00000vscIMQAY,,false,false,,false,false,false,,"<a href="" "" target=""_blank""> </a>",23284-004,NaN,false,0,0068Z00001dWpTkQAK,,,false,NC,false,,,23284-002,,,,2023-07-17,"<a href=""/a0C8Z00000bcxXW"" target=""_self"">23284-004</a>",KPGA Generic 10 day covers,false,Complete,2023-07-14,,0058Z000009icwSQAQ,false,0,,"Quantity:			2,000				 		
Versions:			1				 		
Size:			12 x 18				 		
Pages:			4						
Cover									
Paper:		67# Vellum						
Ink:		Black, 1/0						
Bindery/Finish:			Die Cut Window																
Notes:			SKU#:  KPGA_KPSA_2020																
			Previous print proposal # 23284-002",false,false,0058Z000009icwSQAQ,,NaN,2023-08-21,Q-00018906
a0C8Z00000bcxXqUAI,true,300,true,400,true,500,0018Z000034ISdkQAG,0058Z000009RxOfQAK,test,true,true,true,4.00000,false,2023-09-22,2023-07-28,0058Z000009RxOfQAK,requirements,Print ready PDF file supplied,data other,true,description test,"Bulk Box, FOB O'Neil Plant",other,2023-09-13,267.00000,0058Z000009id0oQAA,a098Z00000u7mMBQAY,0058Z000009iakoQAA,true,true,fulfillment,false,false,true,https://jira1.daicompanies.com/browse/ODSEVAL-342,"<a href=""https://jira1.daicompanies.com/browse/ODSEVAL-342"" target=""_blank"">https://jira1.daicompanies.com/browse/ODSEVAL-342</a>",261517,237.00000,true,200,0068Z00001bhsieQAA,Bulk Box,packaging,false,TX;NC,true,2024-01-25,,,test notes,0038Z00003Y3wivQAB,,2024-05-16,"<a href=""/a0C8Z00000bcxXq"" target=""_self"">261517</a>",Test opportunity IGGnore IF found 1,true,Estimation In Progress,2024-02-29,2024-02-14,0058Z000009iakoQAA,true,100,schedule,scope of work,true,true,0058Z000009iakoQAA,TC,578.00000,2023-11-24,Q-00018907
a0C8Z00000bcxbYUAQ,false,0,false,0,false,0,0018Z00002xtzuDQAQ,,,false,false,false,0.00000,false,2023-09-01,2023-07-14,0058Z000009icxVQAQ,,,,false,,,,2023-07-18,0.00000,0058Z000009id0oQAA,a098Z00000vscJ4QAI,0058Z000009id1IQAQ,false,false,,false,false,false,,"<a href="" "" target=""_blank""> </a>",25551-000,NaN,false,0,0068Z00001dWpV0QAK,,,false,TX,false,,25373-001,Q-00018296,,,,2023-07-14,"<a href=""/a0C8Z00000bcxbY"" target=""_self"">25551-000</a>",ENVELOPE WC_6x9_NOTG,false,Complete,2023-07-14,,0058Z000009icugQAA,false,0,,"Need pricing for a reorder of envelopes.
I have included one of the last proposals for this Envelopes.
Need 2.5 Million envelopes for TX.",false,false,0058Z000009id1IQAQ,"Upon approval, O’Neil will issue a formal Master Services Agreement, Statement of Work, and Service Level Agreement.",NaN,2023-08-21,Q-00018908
a0C8Z00000bcxcHUAQ,false,0,false,0,false,0,0018Z00002xu02EQAQ,,,false,false,false,0.00000,false,2023-09-01,2023-07-14,0058Z000009iczlQAA,,,,false,,,,2023-07-17,27609.00000,0058Z000009id0oQAA,,0058Z000009id1IQAQ,false,false,,false,false,false,,"<a href="" "" target=""_blank""> </a>",25552-000,NaN,false,0,0068Z00001dWpUbQAK,,,false,TX,false,,23891-005,Q-00018122,,,,2023-07-14,"<a href=""/a0C8Z00000bcxcH"" target=""_self"">25552-000</a>","6""x9.5 envelopes",false,Denied,2023-07-14,,0058Z000009icugQAA,false,0,,,false,false,0058Z000009icugQAA,"Upon approval, O’Neil will issue a formal Master Services Agreement, Statement of Work, and Service Level Agreement.",NaN,2023-08-21,Q-00018909
a0C8Z00000bcxdUUAQ,false,0,false,0,false,0,0018Z00002xu02EQAQ,,,false,false,false,0.00000,false,2023-09-01,2023-04-19,0058Z000009iczlQAA,,,,false,,,,2023-04-19,27609.00000,0058Z000009id0oQAA,,0058Z000009id1IQAQ,false,false,,false,false,false,,"<a href="" "" target=""_blank""> </a>",0000,NaN,false,0,0068Z00001dWpUbQAK,,,false,,false,,23891-005,Q-00018122,,,,2023-04-19,"<a href=""/a0C8Z00000bcxdU"" target=""_self"">0000</a>","6""x9.5 envelopes",false,Cancelled,2023-04-19,,0058Z000009icugQAA,false,0,,,false,false,0058Z000009id1IQAQ,"Upon approval, O’Neil will issue a formal Master Services Agreement, Statement of Work, and Service Level Agreement.",NaN,2023-05-19,Q-00018910
a0C8Z00000bcxh7UAA,false,0,false,0,false,0,0018Z00002xtzneQAA,,,false,false,false,3.00000,false,2023-09-01,2023-07-14,0058Z000009id00QAA,,,,false,REVISED VERSION,,,2023-07-18,881383.00000,0058Z000009id0oQAA,,0058Z000009id13QAA,false,false,,false,false,false,,"<a href="" "" target=""_blank""> </a>",24346-005,NaN,false,0,0068Z00001dWpT9QAK,,,false,,false,2023-07-17,24346-004,Q-00018745,,0038Z00003DGu8qQAD,,2023-07-17,"<a href=""/a0C8Z00000bcxh7"" target=""_self"">24346-005</a>",Under 65 Contract Packages,false,Denied,2023-07-14,2023-07-17,0058Z000009icugQAA,false,0,,,false,false,0058Z000009icugQAA,"Upon approval, O’Neil will issue a formal Master Services Agreement, Statement of Work, and Service Level Agreement.",881382.60000,2023-08-21,Q-00018911
a0C8Z00000bcy0GUAQ,false,0,false,0,false,0,0018Z00002xtznVQAQ,,,false,false,false,0.00000,false,2023-11-01,2023-07-17,0058Z000009icyYQAQ,,,,false,,,,2023-07-19,0.00000,0058Z000009id0oQAA,a098Z00000u7mYvQAI,,false,false,,false,false,false,,"<a href="" "" target=""_blank""> </a>",25553-000,NaN,false,0,0068Z00001dWpUuQAK,,,false,,false,,,,,,,2023-07-18,"<a href=""/a0C8Z00000bcy0G"" target=""_self"">25553-000</a>",#10 Envelopes ODS 8915,false,Denied,2023-07-17,,0058Z000009icugQAA,false,0,,"3,000,000		
ODS 8915		
Provide CareSource a per piece price for using 3,000,000 ODS owned envelopes",false,false,0058Z000009icugQAA,,NaN,2023-08-18,Q-00018912
a0C8Z00000bcyrNUAQ,false,0,false,0,false,0,0018Z00002xtzuDQAQ,,,false,false,false,4.00000,false,2023-09-01,2023-07-18,0058Z000009icxVQAQ,,,,false,,,,2023-04-20,1000000.00000,0058Z000009id0oQAA,,0058Z000009id0tQAA,false,false,,false,false,false,,"<a href="" "" target=""_blank""> </a>",23954-021,NaN,false,0,0068Z00001dWpUVQA0,,,false,,false,,23954-020,Q-00018093,,,,2023-07-18,"<a href=""/a0C8Z00000bcyrN"" target=""_self"">23954-021</a>",CCP/PDP Ad Hoc Kits,false,Revised,2023-04-14,,0058Z000009icugQAA,false,0,,,false,false,0058Z000009id1IQAQ,"Upon approval, O’Neil will issue a formal Master Services Agreement, Statement of Work, and Service Level Agreement.",NaN,2023-05-17,Q-00018939
a0C8Z00000bcy0zUAA,false,0,false,0,false,0,0018Z00002xtznVQAQ,,,false,false,false,0.00000,false,2023-09-01,2023-07-17,0058Z000009icyYQAQ,,,,false,,,,2023-07-19,0.00000,0058Z000009id0oQAA,a098Z00000wfHJbQAM,0058Z000009id0tQAA,false,false,,false,false,false,,"<a href="" "" target=""_blank""> </a>",25541-001,NaN,false,0,0068Z00001dWpUuQAK,,,false,,false,,25541-000,Q-00018842,,,,2023-07-17,"<a href=""/a0C8Z00000bcy0z"" target=""_self"">25541-001</a>",New Member Welcome Packets,false,Denied,2023-07-17,,0058Z000009icugQAA,false,0,,"Revision #1																			
Change Project Name from GA & OH Medicaid New Member Welcome Packet to GA, OH, IN & AR Passe Medicaid																			
 New Member Welcome Packet.																			
																		
Revision #2																			
AR Passe: 3,500 copies annually																			
IN MED: 45,500 copies annually",false,false,0058Z000009icugQAA,,NaN,2023-08-18,Q-00018913
a0C8Z00000bcy55UAA,false,0,false,0,false,0,0018Z00002xtzneQAA,,"Provide in the rate card for increments up to 5,000,000 and over",false,false,false,0.00000,false,2023-10-02,2023-07-17,0058Z000009id00QAA,The client is looking for pricing by Tuesday.,,,false,See attached spec document for additional notes.,,,2023-07-19,0.00000,0058Z000009id0oQAA,a098Z00000u7mc4QAA,,false,false,,false,false,false,,"<a href="" "" target=""_blank""> </a>",25554-000,NaN,false,0,0068Z00001dWpUyQAK,,,false,TX;NC;LA,false,2023-07-15,,,See attached specification document for example rate card and envelope specs.,,,2023-07-17,"<a href=""/a0C8Z00000bcy55"" target=""_self"">25554-000</a>",Envelope rate card,false,Complete,2023-07-17,,0058Z000009icugQAA,false,0,,"Generating an envelope rate card pricing grid for #10, #9, 4x9, and 6 x 9-3/8"" envelopes
21943-012, 21944-013, 21952-008, 22113-009",false,false,0058Z000009icugQAA,,NaN,2023-08-18,Q-00018914
a0C8Z00000bcyCTUAY,false,0,false,0,false,0,0018Z00002xtznVQAQ,,,false,false,false,0.00000,false,,2023-07-17,0058Z000009icyYQAQ,,,,false,,,,,0.00000,0058Z000009id0oQAA,a098Z00000voQtzQAE,0058Z000009id0tQAA,false,false,,false,false,false,,"<a href="" "" target=""_blank""> </a>",Change Order 6574,NaN,false,0,0068Z00001eQsITQA0,,,false,,false,,,,,,,2023-07-17,"<a href=""/a0C8Z00000bcyCT"" target=""_self"">Change Order 6574</a>",CareSource EOB Spanish GA MED Pathways template,false,Complete,,,0058Z000009icugQAA,false,0,,Job #1083682,false,false,0058Z000009id0tQAA,,NaN,,Q-00018915
a0C8Z00000bcyCUUAY,false,0,false,0,false,0,0018Z00002xtzuDQAQ,,,false,false,false,0.00000,false,,2023-07-17,0058Z000009icxVQAQ,,,,false,,,,,0.00000,0058Z000009id0oQAA,a098Z00000vp04OQAQ,0058Z000009id0tQAA,false,false,,false,false,false,,"<a href="" "" target=""_blank""> </a>",Change Order #6575,NaN,false,0,0068Z00001eQfUYQA0,,,false,,false,,,,,,,2023-07-17,"<a href=""/a0C8Z00000bcyCU"" target=""_self"">Change Order #6575</a>",WellCare CA Medi-Cal Regulatory mailing prog./dev.,false,Complete,,,0058Z000009icugQAA,false,0,,1083683,false,false,0058Z000009id0tQAA,,NaN,,Q-00018916
a0C8Z00000bcyE5UAI,false,0,false,0,false,0,0018Z00002xtzvwQAA,,,false,false,false,0.00000,false,2023-12-01,2023-10-31,0058Z000009icyYQAQ,,,,false,,,,2023-07-28,0.00000,0058Z000009id0oQAA,a098Z00000u7mr9QAA,,false,false,,false,false,false,https://jira1.daicompanies.com/browse/ODSEVAL-322,"<a href=""https://jira1.daicompanies.com/browse/ODSEVAL-322"" target=""_blank"">https://jira1.daicompanies.com/browse/ODSEVAL-322</a>",25572-000,NaN,false,0,0068Z00001bhxtfQAA,,,false,,false,,23999-000,,,,,2023-08-14,"<a href=""/a0C8Z00000bcyE5"" target=""_self"">25572-000</a>",Radius Directories,false,Denied,,,0058Z000009icwSQAQ,false,0,,Update price,false,false,0058Z000009icwSQAQ,,NaN,,Q-00018917
a0C8Z00000bcyEKUAY,false,0,false,0,false,0,0018Z00002xtzmqQAA,,,false,true,false,0.00000,false,,2023-07-17,,,,,false,,,,,0.00000,0058Z000009id0oQAA,a098Z00000u7mrEQAQ,,false,false,,false,false,false,,"<a href="" "" target=""_blank""> </a>",Do not use,NaN,false,0,0068Z00001dWpTxQAK,,,false,,false,,,,,,,,"<a href=""/a0C8Z00000bcyEK"" target=""_self"">Do not use</a>",OTHER,false,Cancelled,,,0058Z000009id39QAA,false,0,,,false,false,0058Z000009n3QWQAY,,NaN,,Q-00018918
a0C8Z00000bcyEUUAY,false,0,false,0,false,0,0018Z00002xtzmqQAA,,,false,false,false,0.00000,false,,2023-07-17,,,,,false,,,,,0.00000,0058Z000009id0oQAA,a098Z00000u7mrEQAQ,,false,false,,false,false,false,,"<a href="" "" target=""_blank""> </a>",Do not use,NaN,false,0,0068Z00001dWpTxQAK,,,false,,false,,,,,,,,"<a href=""/a0C8Z00000bcyEU"" target=""_self"">Do not use</a>",OTHER,false,Cancelled,,,0058Z000009id39QAA,false,0,,,false,false,0058Z000009n3QWQAY,,NaN,,Q-00018919
a0C8Z00000bcyEeUAI,false,0,false,0,false,0,0018Z00002xtzmqQAA,,,false,false,false,0.00000,false,,2023-07-17,,,,,false,,,,,0.00000,0058Z000009id0oQAA,a098Z00000u7mrEQAQ,,false,false,,false,false,false,,"<a href="" "" target=""_blank""> </a>",Do not use,NaN,false,0,0068Z00001dWpTxQAK,,,false,,false,,,,,,,,"<a href=""/a0C8Z00000bcyEe"" target=""_self"">Do not use</a>",OTHER,false,Cancelled,,,0058Z000009id39QAA,false,0,,,false,false,0058Z000009n3QWQAY,,NaN,,Q-00018920
a0C8Z00000bcyEjUAI,false,0,false,0,false,0,0018Z00002xtzmqQAA,,,false,false,false,0.00000,false,,2023-07-17,,,,,false,,,,,0.00000,0058Z000009id0oQAA,a098Z00000u7mrEQAQ,,false,false,,false,false,false,,"<a href="" "" target=""_blank""> </a>",Do not use,NaN,false,0,0068Z00001dWpTxQAK,,,false,,false,,,,,,,,"<a href=""/a0C8Z00000bcyEj"" target=""_self"">Do not use</a>",OTHER,false,Cancelled,,,0058Z000009id39QAA,false,0,,,false,false,0058Z000009n3QWQAY,,NaN,,Q-00018921
a0C8Z00000bcyMTUAY,false,0,false,0,false,0,0018Z00002xtzneQAA,,,true,false,false,0.00000,false,2023-10-02,2023-07-17,,,,,false,,,,2023-07-18,0.00000,0058Z000009id0oQAA,,0058Z000009id1IQAQ,false,false,,false,false,false,,"<a href="" "" target=""_blank""> </a>",25506-003,NaN,false,0,0068Z00001dWpUyQAK,,,false,,false,,25506-002,Q-00018820,,,,2023-07-18,"<a href=""/a0C8Z00000bcyMT"" target=""_self"">25506-003</a>",2024 ANOC,false,Revised,,,0058Z000009icugQAA,false,0,,,false,false,0058Z000009id1IQAQ,"Upon approval, O’Neil will issue a formal Master Services Agreement, Statement of Work, and Service Level Agreement.",NaN,,Q-00018925
a0C8Z00000bcyQmUAI,false,0,false,0,false,0,0018Z00002xtzuDQAQ,,,false,false,false,0.00000,false,2023-10-02,2023-07-06,0058Z000009icxVQAQ,,,,false,,,,2023-07-10,0.00000,0058Z000009id0oQAA,a098Z00000wfC3tQAE,0058Z000009id18QAA,false,false,,false,false,false,,"<a href="" "" target=""_blank""> </a>",25538-001,NaN,false,0,0068Z00001fMjLhQAK,,,false,,false,,25538-000,Q-00018824,,,,2023-07-17,"<a href=""/a0C8Z00000bcyQm"" target=""_self"">25538-001</a>",Ambetter Non Renewal letters,false,Revised,,,0058Z000009icugQAA,false,0,,,false,false,0058Z000009id18QAA,,NaN,,Q-00018926
a0C8Z00000bcyTbUAI,false,0,false,0,false,0,0018Z00002xtznVQAQ,,,false,false,false,3.00000,false,2023-09-01,2023-07-18,0058Z000009icyYQAQ,,,,false,,,,2023-07-20,529175.00000,0058Z000009id0oQAA,a098Z00000vscIvQAI,0058Z000009id1IQAQ,false,false,,false,false,false,,"<a href="" "" target=""_blank""> </a>",22166-022,NaN,false,0,0068Z00001dWpIxQAK,,,false,,false,,22166-022,Q-00018456,,,,2023-07-18,"<a href=""/a0C8Z00000bcyTb"" target=""_self"">22166-022</a>",ID Card,false,Revised,2023-05-25,,0058Z000009icugQAA,false,0,,,false,false,0058Z000009id0oQAA,"Upon approval, O’Neil will issue a formal Master Services Agreement, Statement of Work, and Service Level Agreement.",NaN,2022-01-21,Q-00018935
a0C8Z00000bcyoxUAA,false,0,false,0,false,0,0018Z00002xtzndQAA,,,false,false,false,0.00000,false,2023-09-01,2023-07-18,0058Z000009iczHQAQ,,,,false,,,,2023-07-19,0.00000,0058Z000009id0oQAA,a098Z00000vnwbWQAQ,,false,false,,false,false,false,,"<a href="" "" target=""_blank""> </a>",25463-001,NaN,false,0,0068Z00001dWpUzQAK,,,false,,false,,25463-000,Q-00018451,,,a0B8Z00000RnZZwUAN,2023-07-19,"<a href=""/a0C8Z00000bcyox"" target=""_self"">25463-001</a>",Retention Mailers,true,Denied,2023-05-25,,0058Z000009icwSQAQ,false,0,,"This is for a 4x6 or 5x7 post card, are you able to advise if this will go through a vendor and what their timeline to produce something of this quantity would be? The client has let me know that we can expect materials/data by next week. They would like it to mail to homes between July 24th and August 1st, but advise if this is not feasible.",false,false,0058Z000009icwSQAQ,"Upon approval, O’Neil will issue a formal Master Services Agreement, Statement of Work, and Service Level Agreement.",NaN,2023-06-24,Q-00018938
a0C8Z00000bcyrmUAA,false,0,false,0,false,0,0018Z00002xtzkhQAA,,,false,false,false,0.00000,false,2023-10-02,2023-08-01,,,,,false,,,,2023-07-19,0.00000,0058Z000009id0oQAA,a098Z00000u7nBVQAY,,false,false,,false,false,false,,"<a href="" "" target=""_blank""> </a>",25555-000,NaN,false,0,0068Z00001bi0S4QAI,,,false,,false,,,,,,,2023-07-21,"<a href=""/a0C8Z00000bcyrm"" target=""_self"">25555-000</a>",Medicare Marketing Handbook,false,Denied,,,0058Z000009RxOfQAK,false,0,,,false,false,0058Z000009iczbQAA,,NaN,,Q-00018940
a0C8Z00000bcz8yUAA,false,0,false,0,false,0,0018Z00002xtzjUQAQ,,,false,false,false,0.00000,false,,2023-07-18,0058Z000009iczHQAQ,,,,false,,,,,0.00000,0058Z000009id0oQAA,a098Z00000vpNl1QAE,0058Z000009id0tQAA,false,false,,false,false,false,,"<a href="" "" target=""_blank""> </a>",Change Order #6576,NaN,false,0,0068Z00001eRBkyQAG,,,false,,false,,,,,,,2023-07-18,"<a href=""/a0C8Z00000bcz8y"" target=""_self"">Change Order #6576</a>",Kaiser MAS 2024 Group Medicare Renewal,false,Revised,,,0058Z000009icwSQAQ,false,0,,Job #1084262,false,false,0058Z000009id0tQAA,,NaN,,Q-00018941
a0C8Z00000bczAzUAI,false,0,false,0,false,0,0018Z00002xtzuDQAQ,,,false,false,false,0.00000,false,,2023-07-18,0058Z000009icxVQAQ,,,,false,,,,,0.00000,0058Z000009id0oQAA,a098Z00000vp04OQAQ,0058Z000009id0tQAA,false,false,,false,false,false,,"<a href="" "" target=""_blank""> </a>",Change Order #6578,NaN,false,0,0068Z00001eQfUYQA0,,,false,,false,,,,,,,2023-07-18,"<a href=""/a0C8Z00000bczAz"" target=""_self"">Change Order #6578</a>",WellCare CCP/PDP Ad Hoc Kits AEP Annual change over,false,Complete,,,0058Z000009icugQAA,false,0,,Job #1084545,false,false,0058Z000009id0tQAA,,NaN,,Q-00018942
a0C8Z00000bczB9UAI,false,0,false,0,false,0,0018Z00002xtzuDQAQ,,,false,false,false,0.00000,false,,2023-07-18,0058Z000009icxVQAQ,,,,false,,,,,0.00000,0058Z000009id0oQAA,a098Z00000vp04OQAQ,0058Z000009id0tQAA,false,false,,false,false,false,,"<a href="" "" target=""_blank""> </a>",Change Order #6577,NaN,false,0,0068Z00001eQfUYQA0,,,false,,false,,,,,,,2023-07-18,"<a href=""/a0C8Z00000bczB9"" target=""_self"">Change Order #6577</a>",WellCare CCP/CNC/PDP Welcome Kits 2024 AEP Annual Change over,false,Complete,,,0058Z000009icugQAA,false,0,,Job #1084476,false,false,0058Z000009id0tQAA,,NaN,,Q-00018943
a0C8Z00000bczBJUAY,false,0,false,0,false,0,0018Z00002xtzu8QAA,,,true,false,false,1.99970,false,2023-08-01,2023-07-18,0058Z000009icynQAA,,,,false,,,,2023-07-20,154.00000,0058Z000009id0oQAA,,0058Z000009id1IQAQ,false,false,,false,false,false,,"<a href="" "" target=""_blank""> </a>",24267-007,NaN,false,0,0068Z00001dWpRvQAK,,,false,,false,,24267-006,Q-00016797,,0038Z00003DGtHbQAL,,2023-07-20,"<a href=""/a0C8Z00000bczBJ"" target=""_self"">24267-007</a>",Medicare Market Events Envelope,false,Complete,2022-12-06,,0058Z000009icwSQAQ,false,0,,"Quantity:	40,000				
Envelope Size:	#10 Double Window				
Paper:	24# white wove				
Ink:	Black, 1/1, no image bleeds, black security tint				
					
Window Size:	1-1/8"" x 4-1/4""				
Position 1:	5/8"" from left and 2-5/8"" from bottom				
					
Window Size:	1-1/2"" x 4-1/4""				
Position 2: 	5/8"" from left and 1/2"" from bottom",false,false,0058Z000009id1IQAQ,ALL TERMS AND CONDITIONS ARE SUBJECT TO THE HUMANA CONTRACT.,293.50000,2023-02-01,Q-00018944
a0C8Z00000bczLEUAY,false,0,true,2500,false,0,0018Z00002xtzrtQAA,,,true,false,false,4.00000,false,2023-11-01,2023-07-19,0058Z000009icydQAA,,,,false,,,,2023-07-21,2163274.00000,0058Z000009id0oQAA,a098Z00000vnwbCQAQ,0058Z000009id0tQAA,false,false,,false,false,false,,"<a href="" "" target=""_blank""> </a>",24514-007,NaN,false,0,0068Z00001dWpUcQAK,,,false,,false,2023-06-08,24514-006,Q-00018693,,,,2023-07-26,"<a href=""/a0C8Z00000bczLE"" target=""_self"">24514-007</a>",Life Contracts,false,Denied,2023-06-01,2023-06-08,0058Z000009icw3QAA,false,0,,,false,false,0058Z000009id1IQAQ,"Upon approval, O�Neil will issue a formal Master Services Agreement, Statement of Work, and Service Level Agreement.",NaN,2023-07-01,Q-00018965
a0C8Z00000bczLJUAY,false,0,false,0,false,0,0018Z00002xtzneQAA,,,false,false,false,3.00000,false,2023-10-02,2023-07-19,0058Z000009icynQAA,,,,false,,,,2023-07-21,63855.00000,0058Z000009id0oQAA,a098Z00000vscPnQAI,0058Z000009id1IQAQ,false,false,,false,false,false,,"<a href="" "" target=""_blank""> </a>",24935-005,NaN,false,0,0068Z00001dWpUyQAK,,,false,,false,,24935-004,Q-00018779,,,,2023-07-20,"<a href=""/a0C8Z00000bczLJ"" target=""_self"">24935-005</a>",EOC & Formulary Bulk Mailing,false,Revised,2023-04-20,,0058Z000009icugQAA,false,0,,,false,false,0058Z000009icugQAA,"Upon approval, O’Neil will issue a formal Master Services Agreement, Statement of Work, and Service Level Agreement.",NaN,2023-05-21,Q-00018966
a0C8Z00000bczbyUAA,false,0,false,0,false,0,0018Z00002xtzlRQAQ,,,false,false,false,0.00000,false,2023-09-01,2023-07-13,,,,,false,,,,2023-07-05,0.00000,0058Z000009id0oQAA,a098Z00000vnwbVQAQ,0058Z000009id0tQAA,false,false,,false,false,false,,"<a href="" "" target=""_blank""> </a>",0000,NaN,false,0,0068Z00001eQc52QAC,,,false,,false,,25440-002,Q-00018897,,,,2023-07-13,"<a href=""/a0C8Z00000bczby"" target=""_self"">0000</a>",Elevance Health ID Cards,true,Cancelled,2023-05-09,,0058Z000009icugQAA,false,0,,,false,false,0058Z000009icwSQAQ,"Upon approval, O’Neil will issue a formal Master Services Agreement, Statement of Work, and Service Level Agreement.",NaN,2023-06-15,Q-00018967
a0C8Z00000bczc3UAA,false,0,false,0,false,0,0018Z00002xtzlRQAQ,,,false,false,false,0.00000,false,2023-09-01,2023-07-19,,,,,false,,,,2023-07-21,0.00000,0058Z000009id0oQAA,a098Z00000vnwbVQAQ,0058Z000009id0tQAA,false,false,,false,false,false,,"<a href="" "" target=""_blank""> </a>",25440-003,NaN,false,0,0068Z00001eQc52QAC,,,false,,false,,,Q-00018967,,,,2024-02-23,"<a href=""/a0C8Z00000bczc3"" target=""_self"">25440-003</a>",Elevance Health ID Cards,true,Denied,2023-05-09,,0058Z000009icwSQAQ,false,0,,,false,false,0058Z000009icwSQAQ,"Upon approval, O’Neil will issue a formal Master Services Agreement, Statement of Work, and Service Level Agreement.",NaN,2023-06-15,Q-00018968
a0C8Z00000bczkZUAQ,false,0,false,0,false,0,0018Z00002xtzu8QAA,,,false,false,false,0.00000,false,2024-12-31,2023-07-20,0058Z000009icyEQAQ,,,,false,,,,2023-07-24,0.00000,0058Z000009id0oQAA,a098Z00000u7naVQAQ,0058Z000009id1IQAQ,false,false,,false,false,false,,"<a href="" "" target=""_blank""> </a>",25556-000,NaN,false,0,0068Z00001bi3SDQAY,,,false,,false,,,,,,,,"<a href=""/a0C8Z00000bczkZ"" target=""_self"">25556-000</a>",Indiana Welcome Kit Mailing,false,Active Proposal,2023-07-20,,0058Z000009icwSQAQ,false,0,,,false,false,0058Z000009icwSQAQ,,NaN,2023-08-31,Q-00018969
a0C8Z00000bczktUAA,false,0,false,0,false,0,0018Z00002xtznVQAQ,,,false,false,false,0.00000,false,,2023-07-19,0058Z000009icyYQAQ,,,,false,,,,,0.00000,0058Z000009id0oQAA,a098Z00000voQtzQAE,0058Z000009id0tQAA,false,false,,false,false,false,,"<a href="" "" target=""_blank""> </a>",Change Order #6580,NaN,false,0,0068Z00001eQsITQA0,,,false,,false,,,,,,,2023-07-19,"<a href=""/a0C8Z00000bczkt"" target=""_self"">Change Order #6580</a>",CareSource Market Place ID Card artwork update,false,Complete,,,0058Z000009icugQAA,false,0,,Job #1085116,false,false,0058Z000009id0tQAA,,NaN,,Q-00018970
a0C8Z00000bczqSUAQ,false,0,false,0,false,0,0018Z00002xtzkhQAA,,,false,false,false,0.00000,false,2023-12-04,2023-08-01,0058Z000009icxuQAA,,,,false,,,,2023-07-26,0.00000,0058Z000009id0oQAA,a098Z00000u7nBVQAY,,false,false,,false,false,false,,"<a href="" "" target=""_blank""> </a>",25558-000,NaN,false,0,0068Z00001bi0S4QAI,,,false,,false,,,,,,,,"<a href=""/a0C8Z00000bczqS"" target=""_self"">25558-000</a>",Medicare Marketing Portal,false,Cancelled,,,0058Z000009RxOfQAK,false,0,,,false,false,0058Z000009iczbQAA,,NaN,,Q-00018971
a0C8Z00000bczqmUAA,false,0,false,0,false,0,0018Z00002xtzkhQAA,,,false,false,false,0.00000,false,,2023-08-01,0058Z000009icxuQAA,,,,false,,,,,0.00000,0058Z000009id0oQAA,a098Z00000u7neSQAQ,,false,false,,false,false,false,,"<a href="" "" target=""_blank""> </a>",00000-000,NaN,false,0,0068Z00001bi0S4QAI,,,false,,false,,,,,,,,"<a href=""/a0C8Z00000bczqm"" target=""_self"">00000-000</a>",Medicare Marketing Portal,false,Cancelled,,,0058Z000009RxOfQAK,false,0,,,false,false,0058Z000009iczbQAA,,NaN,,Q-00018972
a0C8Z00000bczsxUAA,false,0,false,0,false,0,0018Z000035w0OAQAY,,,false,false,false,0.00000,false,,,,,,,false,,,,2024-03-15,0.00000,0058Z000009id0oQAA,a098Z00000u7nieQAA,,false,false,,false,false,false,,"<a href="" "" target=""_blank""> </a>",,NaN,false,0,0068Z00001eTk9vQAC,,,false,,false,,,,,,,2024-03-13,"<a href=""/a0C8Z00000bczsx"" target=""_self""> </a>",Test opportunity ignore if found New 2,false,Cancelled,,,0058Z000009iakoQAA,false,0,,,false,false,0058Z000009iakoQAA,,NaN,2024-04-13,Q-00018973
a0C8Z00000bczt7UAA,false,0,false,0,false,0,0018Z000035w0OAQAY,,,false,false,false,0.00000,false,,2023-07-20,,,,,false,,,,,0.00000,0058Z000009id0oQAA,a098Z00000u7njrQAA,,false,false,,false,false,false,,"<a href="" "" target=""_blank""> </a>",6156372,NaN,false,0,0068Z00001eTk9vQAC,,,false,,false,,,,,,,,"<a href=""/a0C8Z00000bczt7"" target=""_self"">6156372</a>",Test opportunity ignore if found New 2,false,Cancelled,,,0058Z000009iakoQAA,false,0,,,false,false,0058Z000009iakoQAA,,NaN,,Q-00018974
a0C8Z00000bczwLUAQ,false,0,false,0,false,0,0018Z00002xu01qQAA,,,false,false,false,0.00000,false,2023-10-02,2023-07-20,,,,,false,,,,2023-07-25,0.00000,0058Z000009id0oQAA,a098Z00000vscKKQAY,0058Z000009id1IQAQ,false,false,,false,false,false,https://jira1.daicompanies.com/browse/ODSEVAL-323,"<a href=""https://jira1.daicompanies.com/browse/ODSEVAL-323"" target=""_blank"">https://jira1.daicompanies.com/browse/ODSEVAL-323</a>",25557-000,NaN,false,0,0068Z00001dWpU5QAK,,,false,,false,,,,,,,2023-08-17,"<a href=""/a0C8Z00000bczwL"" target=""_self"">25557-000</a>",ONEsuite : Welcome kits Non Qualified,false,Revised,,,0058Z000009icw3QAA,false,0,,"ONEsuite DEVELOPMENT								
ONEsuite product:						ONEkit		
Number of user levels:						20		
Notes:																			
Please source Cathy Chamberlin; Kyle Conemac; Mark Rosson as they were involved in the POC",false,false,0058Z000009id1IQAQ,,NaN,,Q-00018975
a0C8Z00000bczzyUAA,false,0,false,0,false,0,0018Z00002xtzvYQAQ,,,false,false,false,6.00000,false,2023-10-02,2023-07-20,0058Z000009iczgQAA,,,,false,,,,2023-07-24,5330.00000,0058Z000009id0oQAA,a098Z00000vscPyQAI,0058Z000009id1IQAQ,false,false,,false,false,false,,"<a href="" "" target=""_blank""> </a>",24991-004,NaN,false,0,0068Z00001dWpSTQA0,,,false,,false,,24991-003,Q-00016504,,,a0B8Z00000RnZaPUAV,2023-07-20,"<a href=""/a0C8Z00000bczzy"" target=""_self"">24991-004</a>",Fall Newsletter,false,Denied,2022-10-14,,0058Z000009icugQAA,false,0,,"Please provide updated pricing for 10K																			
All specs are the same.",false,false,0058Z000009id1IQAQ,"Upon approval, O’Neil will issue a formal Master Services Agreement, Statement of Work, and Service Level Agreement.",NaN,2022-11-13,Q-00018976
a0C8Z00000bd003UAA,false,0,false,0,false,0,0018Z00002xtzvYQAQ,,,false,false,false,6.00000,false,2023-10-02,2023-07-20,0058Z000009iczgQAA,,,,false,,,,2023-07-24,5330.00000,0058Z000009id0oQAA,a098Z00000vscPyQAI,0058Z000009id1IQAQ,false,false,,false,false,false,,"<a href="" "" target=""_blank""> </a>",0000,NaN,false,0,0068Z00001dWpSTQA0,,,false,,false,,24991-004,Q-00018976,,,,2022-10-17,"<a href=""/a0C8Z00000bd003"" target=""_self"">0000</a>",Fall Newsletter,false,Cancelled,2022-10-14,,0058Z000009icugQAA,false,0,,,false,false,0058Z000009id1IQAQ,"Upon approval, O’Neil will issue a formal Master Services Agreement, Statement of Work, and Service Level Agreement.",NaN,2022-11-13,Q-00018977
a0C8Z00000bd070UAA,false,0,false,0,false,0,0018Z00002xtzneQAA,,,false,false,false,0.00000,false,,2023-07-20,,,,,false,,,,,0.00000,0058Z000009id0oQAA,a098Z00000vqQuiQAE,0058Z000009id0tQAA,false,false,,false,false,false,,"<a href="" "" target=""_blank""> </a>",Change Order #6581,NaN,false,0,0068Z00001eQfQRQA0,,,false,,false,,,,,,,2023-07-20,"<a href=""/a0C8Z00000bd070"" target=""_self"">Change Order #6581</a>",GuideWell Medicare 2024 ANOC YoY Changes- Programming-ONEcms,false,Revised,,,0058Z000009icugQAA,false,0,,Job #1085555,false,false,0058Z000009id0tQAA,,NaN,,Q-00018978
a0C8Z00000bd07AUAQ,false,0,false,0,false,0,0018Z00002xtzneQAA,,,false,false,false,0.00000,false,,2023-07-20,0058Z000009id00QAA,,,,false,,,,,0.00000,0058Z000009id0oQAA,a098Z00000vqQuiQAE,0058Z000009id0tQAA,false,false,,false,false,false,,"<a href="" "" target=""_blank""> </a>",Change Order #6582,NaN,false,0,0068Z00001eQfQRQA0,,,false,,false,,Change Order #6581,Q-00018978,,,,2023-07-20,"<a href=""/a0C8Z00000bd07A"" target=""_self"">Change Order #6582</a>",GuideWell Medicare MedAdv/MedSup 2023 & 2024 ID Card Welcome Kit and ID Card Letter Only,false,Complete,,,0058Z000009icugQAA,false,0,,Job #1085558,false,false,0058Z000009id0tQAA,,NaN,,Q-00018979
a0C8Z00000bd08NUAQ,false,0,false,0,false,0,0018Z00002xtzuDQAQ,,,false,false,false,4.00000,false,2023-09-01,2023-07-20,0058Z000009icxVQAQ,,,,false,,,,2023-07-24,1000000.00000,0058Z000009id0oQAA,,0058Z000009id0tQAA,false,false,,false,false,false,,"<a href="" "" target=""_blank""> </a>",23954-022,NaN,false,0,0068Z00001dWpUVQA0,,,false,,false,,23954-021,Q-00018939,,,,2023-07-25,"<a href=""/a0C8Z00000bd08N"" target=""_self"">23954-022</a>",CCP/PDP Ad Hoc Kits,false,Revised,2023-04-14,,0058Z000009icugQAA,false,0,,,false,false,0058Z000009id1IQAQ,"Upon approval, O’Neil will issue a formal Master Services Agreement, Statement of Work, and Service Level Agreement.",NaN,2023-05-17,Q-00018980
a0C8Z00000bd0X5UAI,false,0,false,0,false,0,0018Z00002xtzneQAA,,,false,false,false,0.00000,false,,2023-07-21,,,,,false,,,,,0.00000,0058Z000009id0oQAA,a098Z00000vqQuiQAE,0058Z000009id0tQAA,false,false,,false,false,false,,"<a href="" "" target=""_blank""> </a>",Change order 6581-001,NaN,false,0,0068Z00001eQfQRQA0,,,false,,false,,Change Order #6581,Q-00018978,,,,2023-07-21,"<a href=""/a0C8Z00000bd0X5"" target=""_self"">Change order 6581-001</a>",GuideWell Medicare 2024 ANOC YoY Changes- Programming-ONEcms,false,Revised,,,0058Z000009icugQAA,false,0,,Job #1086088,false,false,0058Z000009id0tQAA,,NaN,,Q-00018981
a0C8Z00000bd0XjUAI,false,0,false,0,false,0,0018Z00002xu02cQAA,,,false,false,false,0.00000,false,,2023-07-21,0058Z000009id00QAA,,,,false,,,,,0.00000,0058Z000009id0oQAA,a098Z00000voUAjQAM,0058Z000009id0tQAA,false,false,,false,false,false,,"<a href="" "" target=""_blank""> </a>",Change Order #6583,NaN,false,0,0068Z00001eQzIkQAK,,,false,,false,,,,,,,2023-07-21,"<a href=""/a0C8Z00000bd0Xj"" target=""_self"">Change Order #6583</a>",HPS Letters FL Grace Period,false,Complete,,,0058Z000009icugQAA,false,0,,Job #1086101,false,false,0058Z000009id0tQAA,,NaN,,Q-00018982
a0C8Z00000bd0YDUAY,false,0,false,0,false,0,0018Z00002xtznVQAQ,,,false,false,false,0.00000,false,,2023-07-21,0058Z000009icyYQAQ,,,,false,,,,,0.00000,0058Z000009id0oQAA,a098Z00000voQtzQAE,0058Z000009id0tQAA,false,false,,false,false,false,,"<a href="" "" target=""_blank""> </a>",Change Order #6584,NaN,false,0,0068Z00001eQsITQA0,,,false,,false,,,,,,,2023-07-21,"<a href=""/a0C8Z00000bd0YD"" target=""_self"">Change Order #6584</a>",CareSource ONEsuite search field addition for PCP & STL Term Letters,false,Complete,,,0058Z000009icugQAA,false,0,,Job #1086105,false,false,0058Z000009id0tQAA,,NaN,,Q-00018983
a0C8Z00000bd0bMUAQ,false,0,false,0,false,0,0018Z00002xtznGQAQ,,,false,false,false,0.00000,false,,2023-07-21,0058Z000009iczRQAQ,,,,false,,,,,0.00000,0058Z000009id0oQAA,a098Z00000vop5iQAA,0058Z000009id0tQAA,false,false,,false,false,false,,"<a href="" "" target=""_blank""> </a>",Change Order #6586,NaN,false,0,0068Z00001eRBndQAG,,,false,,false,,Change Order #6572,Q-00018895,,,,2023-07-21,"<a href=""/a0C8Z00000bd0bM"" target=""_self"">Change Order #6586</a>",TD Ameritrade Negative Consent Mailing 78 production pulls,false,Complete,,,0058Z000009id3EQAQ,false,0,,Job #1086157,false,false,0058Z000009id0tQAA,,NaN,,Q-00018984
a0C8Z00000bd0bbUAA,false,0,false,0,false,0,0018Z00002xtznGQAQ,,,false,false,false,0.00000,false,,2023-07-21,0058Z000009iczRQAQ,,,,false,,,,,0.00000,0058Z000009id0oQAA,a098Z00000vop5iQAA,0058Z000009id0tQAA,false,false,,false,false,false,,"<a href="" "" target=""_blank""> </a>",Change Order #6587,NaN,false,0,0068Z00001eRBndQAG,,,false,,false,,Change Order #6586,Q-00018984,,,,2023-07-21,"<a href=""/a0C8Z00000bd0bb"" target=""_self"">Change Order #6587</a>",TD Ameritrade Negative Consent Mailing 15 production pulls,false,Complete,,,0058Z000009id3EQAQ,false,0,,Job #1086158,false,false,0058Z000009id0tQAA,,NaN,,Q-00018985
a0C8Z00000bd0jpUAA,false,0,false,0,false,0,0018Z00002xtzneQAA,,,false,false,false,0.00000,false,2023-10-02,2023-07-28,,,,,false,,,,2023-08-02,0.00000,0058Z000009id0oQAA,a098Z00000vscHqQAI,0058Z000009id0tQAA,false,false,,false,false,false,,"<a href="" "" target=""_blank""> </a>",255569-000,NaN,false,0,0068Z00001dWpUyQAK,,,false,,false,,,,,,,2023-07-28,"<a href=""/a0C8Z00000bd0jp"" target=""_self"">255569-000</a>",Vendor Directory,false,Denied,,,0058Z000009icugQAA,false,0,,,false,false,0058Z000009iczbQAA,,NaN,,Q-00018986
a0C8Z00000bd0qGUAQ,false,0,false,0,false,0,0018Z00002xtznGQAQ,,,false,false,false,0.00000,false,,2023-07-21,0058Z000009iczRQAQ,,,,false,,,,,0.00000,0058Z000009id0oQAA,a098Z00000vqRN6QAM,0058Z000009id0tQAA,false,false,,false,false,false,,"<a href="" "" target=""_blank""> </a>",Change Order #6588,NaN,false,0,0068Z00001eRBndQAG,,,false,,false,,,,,,,2023-07-21,"<a href=""/a0C8Z00000bd0qG"" target=""_self"">Change Order #6588</a>",TD Ameritrade Negative Consent Group 3 overtime,false,Complete,,,0058Z000009id3EQAQ,false,0,,Job #1086320,false,false,0058Z000009id0tQAA,,NaN,,Q-00018987
a0C8Z00000bd1PIUAY,false,0,false,0,false,0,0018Z000035w0OAQAY,,,false,false,false,0.00000,false,,2023-07-25,,,,,false,,,,,0.00000,0058Z000009id0oQAA,a098Z00000u7nieQAA,,false,false,,false,false,false,,"<a href="" "" target=""_blank""> </a>",6157261,NaN,false,0,0068Z00001eTk9vQAC,,,false,,false,,,,,,,,"<a href=""/a0C8Z00000bd1PI"" target=""_self"">6157261</a>",Test opportunity ignore if found New 2,false,Cancelled,,,0058Z000009iakoQAA,false,0,,,false,false,0058Z000009iakoQAA,,NaN,,Q-00019001
a0C8Z00000bd0rdUAA,false,0,false,0,false,0,0018Z00002xtzneQAA,,,false,false,false,3.00000,false,2023-10-02,2023-07-21,0058Z000009icynQAA,,,,false,,,,2023-07-24,63855.00000,0058Z000009id0oQAA,a098Z00000vscPnQAI,0058Z000009id1IQAQ,false,false,,false,false,false,,"<a href="" "" target=""_blank""> </a>",24935-006,NaN,false,0,0068Z00001dWpUyQAK,,,false,,false,,24935-005,Q-00018966,,,,2023-07-21,"<a href=""/a0C8Z00000bd0rd"" target=""_self"">24935-006</a>",EOC & Formulary Bulk Mailing,false,Revised,2023-04-20,,0058Z000009icugQAA,false,0,,,false,false,0058Z000009icugQAA,"Upon approval, O’Neil will issue a formal Master Services Agreement, Statement of Work, and Service Level Agreement.",NaN,2023-05-21,Q-00018988
a0C8Z00000bd0xgUAA,false,0,false,0,false,0,0018Z00002xtzurQAA,,,false,false,false,4.00000,false,2023-08-24,2023-07-25,0058Z000009icwXQAQ,,,,false,,,,2023-07-25,15000000.00000,0058Z000009id0oQAA,a098Z00000vscJ4QAI,0058Z000009id13QAA,false,false,,false,false,false,,"<a href="" "" target=""_blank""> </a>",25559-000,NaN,false,0,0068Z00001eSvwJQAS,,,false,,false,2023-07-24,24567-009,Q-00017218,,0038Z00003DGtJrQAL,,2023-07-24,"<a href=""/a0C8Z00000bd0xg"" target=""_self"">25559-000</a>",Enterprise Rate Card,false,Revised,2023-07-21,2023-07-24,0058Z000009icugQAA,false,0,,,false,false,0058Z000009id13QAA,"Upon approval, O’Neil will issue a formal Master Services Agreement, Statement of Work, and Service Level Agreement.",NaN,2023-08-24,Q-00018990
a0C8Z00000bd12RUAQ,false,0,false,0,false,0,0018Z00002xtzu8QAA,,,false,false,false,4.00000,false,2023-12-01,2023-07-24,0058Z000009icyEQAQ,,,,false,,,,2023-07-26,0.00000,0058Z000009id0oQAA,a098Z00000vscNyQAI,0058Z000009id13QAA,false,false,,false,false,false,,"<a href="" "" target=""_blank""> </a>",25350-002,NaN,false,0,0068Z00001dWpUJQA0,,,false,,false,2023-08-15,25350-001,Q-00018073,,0038Z00003DGtBKQA1,,2023-08-15,"<a href=""/a0C8Z00000bd12R"" target=""_self"">25350-002</a>",ANOC 2024 Dailies,false,Revised,2023-04-12,2023-08-15,0058Z000009icwSQAQ,false,0,,"Revision #1																			
QUANTITY: Waves 547,589																			
Wave catch up 60,000																			
Recycle to print 150,000																			
Dailies 200,000																			
Spanish catch up 100,000																			
																			
																			
																			
Revision #2																			
PRICING: Wave 1 pages range from 20-60 pages",false,false,0058Z000009icwSQAQ,"Upon approval, O’Neil will issue a formal Master Services Agreement, Statement of Work, and Service Level Agreement.",NaN,2023-09-14,Q-00018991
a0C8Z00000bd12WUAQ,false,0,false,0,false,0,0018Z00002xtzu8QAA,,,false,false,false,4.00000,false,2023-05-11,2023-04-12,0058Z000009icynQAA,,,,false,,,,2023-04-12,0.00000,0058Z000009id0oQAA,a098Z00000vscNyQAI,0058Z000009id13QAA,false,false,,false,false,false,,"<a href="" "" target=""_blank""> </a>",25350-001,NaN,false,0,0068Z00001dWpUJQA0,,,false,,false,,,Q-00018991,,0038Z00003DGtBKQA1,,2023-04-12,"<a href=""/a0C8Z00000bd12W"" target=""_self"">25350-001</a>",ANOC 2024 Dailies,false,Cancelled,2023-04-12,2023-04-12,0058Z000009icwSQAQ,false,0,,,false,false,0058Z000009icwSQAQ,"Upon approval, O’Neil will issue a formal Master Services Agreement, Statement of Work, and Service Level Agreement.",NaN,2023-05-12,Q-00018992
a0C8Z00000bd12bUAA,false,0,false,0,false,0,0018Z00002xtzu8QAA,,,false,false,false,2.00000,false,2023-12-01,2023-07-24,0058Z000009icyEQAQ,,,,false,,,,2023-07-26,271000.00000,0058Z000009id0oQAA,a098Z00000vscNxQAI,0058Z000009id13QAA,false,false,,false,false,false,,"<a href="" "" target=""_blank""> </a>",25352-001,NaN,false,0,0068Z00001dWpTnQAK,,,false,,false,2023-07-25,25352-000,Q-00017537,,0038Z00003DGtBKQA1,,2023-07-25,"<a href=""/a0C8Z00000bd12b"" target=""_self"">25352-001</a>",ANOC 2024 Litho,true,Revised,2023-03-16,2023-07-25,0058Z000009icwSQAQ,false,0,,,false,false,0058Z000009icwSQAQ,"Upon approval, O’Neil will issue a formal Master Services Agreement, Statement of Work, and Service Level Agreement.",NaN,2023-08-24,Q-00018993
a0C8Z00000bd18QUAQ,false,0,false,0,false,0,0018Z00002xtzuDQAQ,,,false,false,false,4.00000,false,2023-08-23,2023-07-24,0058Z000009icxVQAQ,,,,false,,,,2023-07-26,1405358.00000,0058Z000009id0oQAA,,0058Z000009id13QAA,false,false,,false,false,false,,"<a href="" "" target=""_blank""> </a>",24558-004,NaN,false,0,0068Z00001dWpHvQAK,,,false,,false,2023-07-27,24558-002,Q-00015606,,0038Z00003DGtFuQAL,,2023-07-27,"<a href=""/a0C8Z00000bd18Q"" target=""_self"">24558-004</a>",Coupon Book,false,Revised,2023-07-24,2023-07-27,0058Z000009icugQAA,false,0,,,false,false,0058Z000009icugQAA,"Upon approval, O’Neil will issue a formal Master Services Agreement, Statement of Work, and Service Level Agreement.",NaN,2023-08-26,Q-00018994
a0C8Z00000bd1DmUAI,false,0,false,0,false,0,0018Z00002xtzneQAA,,,false,false,false,0.00000,false,,2023-07-24,0058Z000009id00QAA,,,,false,,,,,0.00000,0058Z000009id0oQAA,a098Z00000vqQuiQAE,0058Z000009id0tQAA,false,false,,false,false,false,,"<a href="" "" target=""_blank""> </a>",Change Order #6589,NaN,false,0,0068Z00001eQfQRQA0,,,false,,false,,,,,,,2023-07-24,"<a href=""/a0C8Z00000bd1Dm"" target=""_self"">Change Order #6589</a>",GuideWell Medicare 2024 ANOC & EOC/Formulary YoY changes,false,Complete,,,0058Z000009icugQAA,false,0,,Job #1087204,false,false,0058Z000009id0tQAA,,NaN,,Q-00018995
a0C8Z00000bd1FSUAY,false,0,false,0,false,0,0018Z00002xtzj0QAA,,,false,false,false,0.00000,false,,2023-07-24,0058Z000009iczHQAQ,,,,false,,,,,0.00000,0058Z000009id0oQAA,a098Z00000vpZjIQAU,0058Z000009id0tQAA,false,false,,false,false,false,,"<a href="" "" target=""_blank""> </a>",Change Order #6579,NaN,false,0,0068Z00001eRBmkQAG,,,false,,false,,,,,,,2023-07-24,"<a href=""/a0C8Z00000bd1FS"" target=""_self"">Change Order #6579</a>",KAiser CO EOC's Small Group Renewal,false,Complete,,,0058Z000009icwSQAQ,false,0,,Job #1084998,false,false,0058Z000009id0tQAA,,NaN,,Q-00018996
a0C8Z00000bd1FmUAI,false,0,false,0,false,0,0018Z00002xtzuDQAQ,,,false,true,false,4.00000,false,2023-04-30,2023-04-01,0058Z000009icxaQAA,,,,false,,,,2023-07-26,291000.00000,0058Z000009id0oQAA,a098Z00000vscJ4QAI,0058Z000009id13QAA,true,false,,false,false,false,,"<a href="" "" target=""_blank""> </a>",24774-005,NaN,false,0,0068Z00001dWpV0QAK,,,false,,false,2023-07-25,24774-004,Q-00015358,,0038Z00003DGtEKQA1,,2023-07-25,"<a href=""/a0C8Z00000bd1Fm"" target=""_self"">24774-005</a>",MI CAID,false,Complete,2022-06-24,2023-07-25,0058Z000009icugQAA,false,0,,,false,false,0058Z000009icugQAA,"Upon approval, O’Neil will issue a formal Master Services Agreement, Statement of Work, and Service Level Agreement.",NaN,2023-08-24,Q-00018997
a0C8Z00000bd1HEUAY,false,0,false,0,false,0,0018Z00002xtznzQAA,,,false,false,false,0.00000,false,,2023-07-24,0058Z000009icydQAA,,,,false,,,,,0.00000,0058Z000009id0oQAA,a098Z00000u7ogEQAQ,0058Z000009id0tQAA,false,false,,false,false,false,,"<a href="" "" target=""_blank""> </a>",Change Order #6590,NaN,false,0,0068Z00001eRBnIQAW,,,false,,false,,,,,,,2023-07-24,"<a href=""/a0C8Z00000bd1HE"" target=""_self"">Change Order #6590</a>",Slavic Statements 2023 Q2 Statement run overtime,false,Denied,,,0058Z000009icw3QAA,false,0,,Job #1087283,false,false,0058Z000009id0tQAA,,NaN,,Q-00018998
a0C8Z00000bd1IbUAI,false,0,false,0,false,0,0018Z00002xtzuDQAQ,,,false,false,false,3.00000,false,2023-09-01,2023-07-24,0058Z000009icxVQAQ,,,,false,,,,2023-07-26,214033.00000,0058Z000009id0oQAA,a098Z00000vscKhQAI,0058Z000009id13QAA,true,false,,false,false,false,,"<a href="" "" target=""_blank""> </a>",25060-003,NaN,false,0,0068Z00001dWpV0QAK,,,false,,false,2023-08-02,25060-002,Q-00016687,,0038Z00003DGtEKQA1,,2023-08-02,"<a href=""/a0C8Z00000bd1Ib"" target=""_self"">25060-003</a>",PDP Proactive Formualry,false,Revised,2022-11-07,2023-08-02,0058Z000009icugQAA,false,0,,,false,false,0058Z000009icugQAA,"Upon approval, O’Neil will issue a formal Master Services Agreement, Statement of Work, and Service Level Agreement.",NaN,2023-09-02,Q-00018999
a0C8Z00000bd1KDUAY,false,0,false,0,false,0,0018Z00002xu02EQAQ,,,false,false,false,3.00000,false,2023-12-31,2023-07-25,0058Z000009icxBQAQ,,,,false,,,,2023-07-27,1447882.00000,0058Z000009id0oQAA,a098Z00000vscOKQAY,0058Z000009id13QAA,false,false,,false,false,false,,"<a href="" "" target=""_blank""> </a>",25371-003,NaN,false,0,0068Z00001fMlGCQA0,,,false,,false,2023-07-31,25371-002,Q-00018428,,0038Z00003DGu8rQAD,,2023-07-31,"<a href=""/a0C8Z00000bd1KD"" target=""_self"">25371-003</a>",CVS PDP SSIC Pre-Enrollment Kits,false,Denied,2023-07-25,2023-07-31,0058Z000009icugQAA,false,0,,,false,false,0058Z000009icugQAA,"Upon approval, O’Neil will issue a formal Master Services Agreement, Statement of Work, and Service Level Agreement.",NaN,2023-08-30,Q-00019000
a0C8Z00000bd1PwUAI,false,0,false,0,false,0,0018Z000035w0OAQAY,,,false,false,false,0.00000,false,2025-01-31,2023-07-25,,,,,false,,,,2024-01-09,0.00000,0058Z000009id0oQAA,a098Z00000u7nieQAA,,false,false,,false,false,false,,"<a href="" "" target=""_blank""> </a>",725261,NaN,false,0,0068Z00001eTk9vQAC,,,false,,false,,,,,,,,"<a href=""/a0C8Z00000bd1Pw"" target=""_self"">725261</a>",Test opportunity ignore if found New 2,false,Active Proposal,,,0058Z000009iakoQAA,false,0,,,false,false,0058Z000009iakoQAA,,NaN,,Q-00019002
a0C8Z00000bd1ikUAA,false,0,false,0,false,0,0018Z00002xtzneQAA,,,false,false,false,3.00000,false,2023-10-02,2023-07-26,,,,,false,,,,2023-07-28,0.00000,0058Z000009id0oQAA,a098Z00000vscP8QAI,0058Z000009id13QAA,false,false,,false,false,false,,"<a href="" "" target=""_blank""> </a>",25032-008,NaN,false,0,0068Z00001dWpUlQAK,,,false,,false,2023-07-07,25032-007,Q-00018716,,0038Z00003DGtMnQAL,,2023-07-31,"<a href=""/a0C8Z00000bd1ik"" target=""_self"">25032-008</a>",GuideWell Quick Start Guide,false,Revised,,2023-07-07,0058Z000009icugQAA,false,0,,,false,false,0058Z000009icugQAA,"Upon approval, O’Neil will issue a formal Master Services Agreement, Statement of Work, and Service Level Agreement.",NaN,,Q-00019003
a0C8Z00000bd1q5UAA,false,0,false,0,false,0,0018Z00002xtzmqQAA,,,false,false,false,0.00000,false,2023-09-01,2023-07-10,,,,,false,,,,2023-07-12,0.00000,0058Z000009id0oQAA,a098Z00000wfgTNQAY,,false,false,,false,false,false,,"<a href="" "" target=""_blank""> </a>",25544-001,NaN,false,0,0068Z00001dWpTxQAK,,,false,,false,,25544-000,Q-00018873,,,,2023-07-26,"<a href=""/a0C8Z00000bd1q5"" target=""_self"">25544-001</a>",#10 Envelopes for CHPW Mailroom,false,Denied,,,0058Z000009id39QAA,false,0,,"24# WW, single window
1/0 black ink
Revised Quantity = 10,000
Please quote ground shipping and overnight shipping to CHPW
Address:  CHPW Mailroom, 1111 3rd Ave, Suite 400, Seattle, WA 98101",false,false,0058Z000009id39QAA,,NaN,,Q-00019004
a0C8Z00000bd1skUAA,false,0,false,0,false,0,0018Z00002xtzurQAA,,,false,false,false,4.00000,false,2023-08-24,2023-07-25,0058Z000009icwXQAQ,,,,false,,,,2023-07-25,15000000.00000,0058Z000009id0oQAA,a098Z00000vscJ4QAI,0058Z000009id13QAA,false,false,,false,false,false,,"<a href="" "" target=""_blank""> </a>",25559-001,NaN,false,0,0068Z00001eSvwJQAS,,,false,,false,2023-07-25,25559-000,Q-00018990,,0038Z00003DGtJrQAL,,2023-07-25,"<a href=""/a0C8Z00000bd1sk"" target=""_self"">25559-001</a>",Enterprise Rate Card,false,Revised,2023-07-25,2023-07-25,0058Z000009id0yQAA,false,0,,reduction of integrated paper id card pricing due to new quote received from American 7/25/23,false,false,0058Z000009id13QAA,"Upon approval, O’Neil will issue a formal Master Services Agreement, Statement of Work, and Service Level Agreement.",NaN,2023-08-24,Q-00019005
a0C8Z00000bd1suUAA,false,0,false,0,false,0,0018Z00002xtzurQAA,,,false,false,false,4.00000,false,2023-08-24,2023-07-25,0058Z000009icwXQAQ,,,,false,,,,2023-07-25,15000000.00000,0058Z000009id0oQAA,a098Z00000vscJ4QAI,0058Z000009id13QAA,false,false,,false,false,false,,"<a href="" "" target=""_blank""> </a>",25559-002,NaN,false,0,0068Z00001eSvwJQAS,,,false,,false,2023-07-25,25559-001,Q-00019005,,0038Z00003DGtJrQAL,,2023-07-25,"<a href=""/a0C8Z00000bd1su"" target=""_self"">25559-002</a>",Enterprise Rate Card,false,Revised,2023-07-25,2023-07-25,0058Z000009icugQAA,false,0,,fill in future year pricing and add price assumption note.,false,false,0058Z000009id13QAA,"Upon approval, O’Neil will issue a formal Master Services Agreement, Statement of Work, and Service Level Agreement.",NaN,2023-08-24,Q-00019006
a0C8Z00000bd1uMUAQ,false,0,false,0,false,0,0018Z00002xtzmqQAA,,,false,false,false,0.00000,false,2023-09-01,2023-07-25,,,,,false,,,,2023-07-27,0.00000,0058Z000009id0oQAA,a098Z00000wfgTNQAY,0058Z000009id1IQAQ,false,false,,false,false,false,,"<a href="" "" target=""_blank""> </a>",0000,NaN,false,0,0068Z00001dWpTxQAK,,,false,,false,,25544-000,Q-00018873,,,,2023-07-11,"<a href=""/a0C8Z00000bd1uM"" target=""_self"">0000</a>",#10 Envelopes for CHPW Mailroom,false,Cancelled,,,0058Z000009id39QAA,false,0,,,false,false,0058Z000009id1IQAQ,,NaN,,Q-00019007
a0C8Z00000bd1ugUAA,false,0,false,0,false,0,0018Z00002xtzvBQAQ,,,false,false,false,0.00000,false,2023-09-01,2023-07-25,0058Z000009icxkQAA,,,,false,,,,2023-07-27,0.00000,0058Z000009id0oQAA,a098Z00000vscPwQAI,0058Z000009id1IQAQ,false,false,,false,false,false,,"<a href="" "" target=""_blank""> </a>",25035-001,NaN,false,0,0068Z00001dWpPMQA0,,,false,,false,,25035-000,Q-00015557,,,,2023-07-25,"<a href=""/a0C8Z00000bd1ug"" target=""_self"">25035-001</a>",Creditable Coverage Disclosure Letter,true,Revised,2022-07-22,,0058Z000009id39QAA,false,0,,,false,false,0058Z000009id1IQAQ,"Upon approval, O’Neil will issue a formal Master Services Agreement, Statement of Work, and Service Level Agreement.",NaN,2023-02-01,Q-00019008
a0C8Z00000bd1uqUAA,false,0,false,0,false,0,0018Z00002xtztLQAQ,,,false,false,false,0.00000,false,2023-09-01,2023-07-25,0058Z000009id00QAA,,,,false,,,,2023-07-27,0.00000,0058Z000009id0oQAA,a098Z00000vscOWQAY,0058Z000009id1IQAQ,false,false,,false,false,false,,"<a href="" "" target=""_blank""> </a>",25080-006,NaN,false,0,0068Z00001dWpUeQAK,,,false,,false,,25080-005,Q-00018119,,,,2023-08-08,"<a href=""/a0C8Z00000bd1uq"" target=""_self"">25080-006</a>",Millennium Trust RFP (payflex business),false,Denied,2023-04-19,,0058Z000009icw3QAA,false,0,,,false,false,0058Z000009icw3QAA,"Upon approval, O’Neil will issue a formal Master Services Agreement, Statement of Work, and Service Level Agreement.",NaN,2023-05-19,Q-00019009
a0C8Z00000bd1x1UAA,false,0,false,0,false,0,0018Z00002xtzvBQAQ,,,false,false,false,0.00000,false,,2023-07-26,0058Z000009icxkQAA,,,,false,,,,,0.00000,0058Z000009id0oQAA,a098Z00000u7ozMQAQ,,false,false,,false,false,false,,"<a href="" "" target=""_blank""> </a>",0000,NaN,false,0,0068Z00001biPsYQAU,,,false,,false,,,,,,,,"<a href=""/a0C8Z00000bd1x1"" target=""_self"">0000</a>",Creditable Coverage Letter,false,Cancelled,,,0058Z000009id39QAA,false,0,,,false,false,0058Z000009id39QAA,,NaN,,Q-00019010
a0C8Z00000bd22CUAQ,false,0,false,0,false,0,0018Z00002xtzu8QAA,,,false,false,false,0.00000,false,2023-09-01,2023-07-26,0058Z000009icyEQAQ,,,,false,,,,2023-07-28,0.00000,0058Z000009id0oQAA,a098Z00000vscP4QAI,0058Z000009id13QAA,false,false,,false,false,false,,"<a href="" "" target=""_blank""> </a>",24829-004,NaN,false,0,0068Z00001eQc51QAC,,,false,,false,2023-08-01,24829-003,Q-00018421,,0038Z00003DGuB6QAL,a0B8Z00000RnZZkUAN,2023-08-01,"<a href=""/a0C8Z00000bd22C"" target=""_self"">24829-004</a>",Enterprise ID Cards,false,Revised,2023-05-22,2023-08-01,0058Z000009icwSQAQ,false,0,,"Revision #1																			
PRICING: additional page print price needed (currently at 2 page letter; need to add 2 page BAG and 2 page flyer)																			
																
Revision #2																			
Estimated Postage: .4976 was old rate but I'm unable to find the updated rate																			
																
Revision #3																			
MAILING ENVELOPE: 9x12 envelope",false,false,0058Z000009icwSQAQ,"Upon approval, O’Neil will issue a formal Master Services Agreement, Statement of Work, and Service Level Agreement.",NaN,2023-09-01,Q-00019011
a0C8Z00000bd23KUAQ,false,0,false,0,false,0,0018Z00002xu01qQAA,,,false,false,false,0.00000,false,2023-10-02,2023-06-01,0058Z000009id00QAA,,,,false,,,,2023-07-28,0.00000,0058Z000009id0oQAA,a098Z00000u7p1rQAA,0058Z000009id0tQAA,false,false,,false,false,false,,"<a href="" "" target=""_blank""> </a>",25560-000,NaN,false,0,0068Z00001dWpU5QAK,,,false,,false,,,,,,,2023-07-27,"<a href=""/a0C8Z00000bd23K"" target=""_self"">25560-000</a>",Schwab 529 and Schwab LQ 529 plan supplements,false,Active Proposal,,,0058Z000009icw3QAA,false,0,,"Annual qty:	60,352 / 4,139		
Frequency:			1x	
Outer Envelope					
	Size:		6x9.5						
	Versions:		1 - existing stock						
	Paper:		ODS 8906						
Letter									
	Pages:		8	/	10		
	Paper:		60# offset		
	Ink:		4/4		/		4/0		
Notes:			Ben asked that we provide a separate proposal for Adhocs even though the pricing is from 24650-006																
Will use existing file layout																
Specific schedule							
Note: completely manual process											
O'Neil proofs ready:						3 days after final data and art",false,false,0058Z000009icw3QAA,,NaN,,Q-00019012
a0C8Z00000bd2XQUAY,false,0,false,0,false,0,0018Z00002xtzu8QAA,,,false,false,false,0.00000,false,,2023-07-26,0058Z000009icynQAA,,,,false,,,,,0.00000,0058Z000009id0oQAA,a098Z00000voYw6QAE,0058Z000009id0tQAA,false,false,,false,false,false,,"<a href="" "" target=""_blank""> </a>",Change Order #6592,NaN,false,0,0068Z00001eR2VuQAK,,,false,,false,,,,,,,2023-07-26,"<a href=""/a0C8Z00000bd2XQ"" target=""_self"">Change Order #6592</a>",Humana Medicaid ID Card & New Member kit dev/testing,false,Revised,,,0058Z000009icwSQAQ,false,0,,Job #1088486,false,false,0058Z000009id0tQAA,,NaN,,Q-00019029
a0C8Z00000bd252UAA,false,0,false,0,false,0,0018Z00002xtzuDQAQ,,,false,false,false,3.00010,false,2023-10-02,2023-07-25,0058Z000009icxVQAQ,,,,false,,,,2023-07-27,503508.62000,0058Z000009id0oQAA,,0058Z000009id1IQAQ,false,false,,false,false,false,,"<a href="" "" target=""_blank""> </a>",23895-012,NaN,false,0,0068Z00001dWpH0QAK,,,false,,false,,23895-011,Q-00015169,,0038Z00003DGtEKQA1,,2023-07-26,"<a href=""/a0C8Z00000bd252"" target=""_self"">23895-012</a>",ENVELOPE RATE CARD,false,Complete,2022-06-21,,0058Z000009icugQAA,false,0,,,false,false,0058Z000009id1IQAQ,"Upon approval, O’Neil will issue a formal Master Services Agreement, Statement of Work, and Service Level Agreement.",503530.12000,2022-08-21,Q-00019013
a0C8Z00000bd2BKUAY,false,0,false,0,false,0,0018Z000035w0OAQAY,,,false,false,false,0.00000,false,,2023-07-25,,,,,false,,,,,0.00000,0058Z000009id0oQAA,a098Z00000u7nieQAA,,false,false,,false,false,false,,"<a href="" "" target=""_blank""> </a>",,NaN,false,0,0068Z00001eTk9vQAC,,,false,,false,,725261,Q-00019002,,,,,"<a href=""/a0C8Z00000bd2BK"" target=""_self""> </a>",Test opportunity ignore if found New 2,false,Cancelled,,,0058Z000009iakoQAA,false,0,,,false,false,0058Z000009iakoQAA,,NaN,,Q-00019014
a0C8Z00000bd2CNUAY,false,0,false,0,false,0,0018Z000035w0OAQAY,,,false,true,false,0.00000,false,2023-07-31,2023-07-26,,,,,false,,,,,0.00000,0058Z000009id0oQAA,a098Z00000u7nieQAA,,false,false,,false,false,false,,"<a href="" "" target=""_blank""> </a>",4151622,NaN,false,0,0068Z00001eTk9vQAC,,,false,,false,,,,,,,,"<a href=""/a0C8Z00000bd2CN"" target=""_self"">4151622</a>",Test opportunity ignore if found New 2,false,Cancelled,,,0058Z000009iakoQAA,false,0,,,false,false,0058Z000009iakoQAA,,NaN,,Q-00019015
a0C8Z00000bd2CSUAY,false,0,false,0,false,0,0018Z000035w0OAQAY,,,false,true,false,0.00000,false,2023-08-01,2023-07-26,,,,,false,,,,,0.00000,0058Z000009id0oQAA,a098Z00000u7nieQAA,,true,false,,false,false,false,,"<a href="" "" target=""_blank""> </a>",4151622,NaN,false,0,0068Z00001eTk9vQAC,,,false,,false,,4151622,Q-00019015,,,,,"<a href=""/a0C8Z00000bd2CS"" target=""_self"">4151622</a>",Test opportunity ignore if found New 2,false,Cancelled,,,0058Z000009iakoQAA,false,0,,,false,false,0058Z000009iakoQAA,,NaN,,Q-00019016
a0C8Z00000bd2CTUAY,false,0,false,0,false,0,0018Z000035w0OAQAY,,,false,false,false,0.00000,false,,2023-07-26,,,,,false,,,,,0.00000,0058Z000009id0oQAA,a098Z00000u7nieQAA,,false,false,,false,false,false,,"<a href="" "" target=""_blank""> </a>",827276,NaN,false,0,0068Z00001eTk9vQAC,,,false,,false,,,,,,,,"<a href=""/a0C8Z00000bd2CT"" target=""_self"">827276</a>",Test opportunity ignore if found New 2,false,Cancelled,,,0058Z000009iakoQAA,false,0,,,false,false,0058Z000009iakoQAA,,NaN,,Q-00019019
a0C8Z00000bd2CXUAY,false,0,false,0,false,0,0018Z000035w0OAQAY,,,false,false,false,0.00000,false,2023-07-28,2023-07-27,,,,,false,,,,,0.00000,0058Z000009id0oQAA,a098Z00000u7nieQAA,,false,false,,false,false,false,,"<a href="" "" target=""_blank""> </a>",251671,NaN,false,0,0068Z00001eTk9vQAC,,,false,,false,,,,,,,,"<a href=""/a0C8Z00000bd2CX"" target=""_self"">251671</a>",Test opportunity ignore if found New 2,false,Cancelled,,,0058Z000009iakoQAA,false,0,,,false,false,0058Z000009iakoQAA,,NaN,,Q-00019017
a0C8Z00000bd2CcUAI,false,0,false,0,false,0,0018Z000035w0OAQAY,,,false,false,false,0.00000,false,2023-07-28,2023-07-27,,,,,false,,,,,0.00000,0058Z000009id0oQAA,a098Z00000u7nieQAA,,false,false,,false,false,false,,"<a href="" "" target=""_blank""> </a>",251671,NaN,false,0,0068Z00001eTk9vQAC,,,false,,false,,251671,Q-00019017,,,,,"<a href=""/a0C8Z00000bd2Cc"" target=""_self"">251671</a>",Test opportunity ignore if found New 2,false,Cancelled,,,0058Z000009iakoQAA,false,0,,,false,false,0058Z000009iakoQAA,,NaN,,Q-00019018
a0C8Z00000bd2ChUAI,false,0,false,0,false,0,0018Z000035w0OAQAY,,,false,true,false,0.00000,false,2023-08-02,2023-07-26,,,,,false,,,,,0.00000,0058Z000009id0oQAA,a098Z00000u7nieQAA,0058Z000009iakoQAA,true,false,,false,false,false,,"<a href="" "" target=""_blank""> </a>",141616,NaN,false,0,0068Z00001eTk9vQAC,,,false,,false,,,,,,,,"<a href=""/a0C8Z00000bd2Ch"" target=""_self"">141616</a>",Test opportunity ignore if found New 2,false,Cancelled,,,0058Z000009iakoQAA,false,0,,,false,false,0058Z000009iakoQAA,,NaN,,Q-00019020
a0C8Z00000bd2CmUAI,false,0,false,0,false,0,0018Z000035w0OAQAY,,,false,true,false,0.00000,false,2023-08-03,2023-07-26,,,,,false,,,,,0.00000,0058Z000009id0oQAA,a098Z00000u7nieQAA,0058Z000009iakoQAA,true,false,,false,false,false,,"<a href="" "" target=""_blank""> </a>",141616,NaN,false,0,0068Z00001eTk9vQAC,,,false,,false,,141616,Q-00019020,,,,,"<a href=""/a0C8Z00000bd2Cm"" target=""_self"">141616</a>",Test opportunity ignore if found New 2,false,Cancelled,,,0058Z000009iakoQAA,false,0,,,false,false,0058Z000009iakoQAA,,NaN,,Q-00019021
a0C8Z00000bd2CrUAI,false,0,false,0,false,0,0018Z000035w0OAQAY,,,false,false,false,0.00000,false,2023-08-04,2023-07-27,,,,,false,,,,,0.00000,0058Z000009id0oQAA,a098Z00000u7nieQAA,0058Z000009iakoQAA,false,false,,false,false,false,,"<a href="" "" target=""_blank""> </a>",326177,NaN,false,0,0068Z00001eTk9vQAC,,,false,,false,,,,,,,,"<a href=""/a0C8Z00000bd2Cr"" target=""_self"">326177</a>",Test opportunity ignore if found New 2,false,Cancelled,,,0058Z000009iakoQAA,false,0,,,false,false,0058Z000009iakoQAA,,NaN,,Q-00019022
a0C8Z00000bd2CsUAI,false,0,false,0,false,0,0018Z000035w0OAQAY,,,false,false,false,0.00000,false,2023-08-04,2023-07-27,,,,,false,,,,,0.00000,0058Z000009id0oQAA,a098Z00000u7nieQAA,0058Z000009iakoQAA,false,false,,false,false,false,,"<a href="" "" target=""_blank""> </a>",326177,NaN,false,0,0068Z00001eTk9vQAC,,,false,,false,,326177,Q-00019022,,,,,"<a href=""/a0C8Z00000bd2Cs"" target=""_self"">326177</a>",Test opportunity ignore if found New 2,false,Cancelled,,,0058Z000009iakoQAA,false,0,,,false,false,0058Z000009iakoQAA,,NaN,,Q-00019023
